<Asia>
	<country>
		<name>Mongolia</name>
		<rating>8</rating>
	</country>
	<country>
		<name>Laos</name>
		<rating>9</rating>
	</country>
	<country>
		<name>Armenia</name>
		<rating>0</rating>
	</country>
	<country>
		<name>Kazakhstan</name>
		<rating>4</rating>
	</country>
	<country>
		<name>Israel</name>
		<rating>4</rating>
	</country>
	<country>
		<name>Bhutan</name>
		<rating>8</rating>
	</country>
	<country>
		<name>Afghanistan</name>
		<rating>5</rating>
	</country>
	<country>
		<name>Bangladesh</name>
		<rating>5</rating>
	</country>
	<country>
		<name>Iran</name>
		<rating>8</rating>
	</country>
	<country>
		<name>Yemen</name>
		<rating>2</rating>
	</country>
	<country>
		<name>Vietnam</name>
		<rating>6</rating>
	</country>
	<country>
		<name>Uzbekistan</name>
		<rating>1</rating>
	</country>
	<country>
		<name>Singapore</name>
		<rating>10</rating>
	</country>
	<country>
		<name>United-Arab-Emirates</name>
		<rating>9</rating>
	</country>
	<country>
		<name>Turkmenistan</name>
		<rating>9</rating>
	</country>
	<country>
		<name>Turkey</name>
		<rating>0</rating>
	</country>
	<country>
		<name>Timor-Leste</name>
		<rating>5</rating>
	</country>
	<country>
		<name>Thailand</name>
		<rating>6</rating>
	</country>
	<country>
		<name>Myanmar</name>
		<rating>8</rating>
	</country>
	<country>
		<name>Taiwan</name>
		<rating>8</rating>
	</country>
	<country>
		<name>Syria</name>
		<rating>2</rating>
	</country>
	<country>
		<name>Saudi-Arabia</name>
		<rating>10</rating>
	</country>
	<country>
		<name>Sri-Lanka</name>
		<rating>8</rating>
	</country>
	<country>
		<name>Russia</name>
		<rating>2</rating>
	</country>
	<country>
		<name>Tajikistan</name>
		<rating>6</rating>
	</country>
	<country>
		<name>Qatar</name>
		<rating>0</rating>
	</country>
	<country>
		<name>Philippines</name>
		<rating>5</rating>
	</country>
	<country>
		<name>Lebanon</name>
		<rating>8</rating>
	</country>
	<country>
		<name>Azerbaijan</name>
		<rating>7</rating>
	</country>
	<country>
		<name>Jordan</name>
		<rating>0</rating>
	</country>
	<country>
		<name>Palestine</name>
		<rating>8</rating>
	</country>
	<country>
		<name>Indonesia</name>
		<rating>6</rating>
	</country>
	<country>
		<name>China</name>
		<rating>10</rating>
	</country>
	<country>
		<name>Bahrain</name>
		<rating>9</rating>
	</country>
	<country>
		<name>Malaysia</name>
		<rating>8</rating>
	</country>
	<country>
		<name>Pakistan</name>
		<rating>3</rating>
	</country>
	<country>
		<name>Cyprus</name>
		<rating>4</rating>
	</country>
	<country>
		<name>Brunei</name>
		<rating>5</rating>
	</country>
	<country>
		<name>Georgia</name>
		<rating>0</rating>
	</country>
	<country>
		<name>Kyrgyzstan</name>
		<rating>7</rating>
	</country>
	<country>
		<name>Oman</name>
		<rating>0</rating>
	</country>
	<country>
		<name>India</name>
		<rating>8</rating>
	</country>
	<country>
		<name>Nepal</name>
		<rating>8</rating>
	</country>
	<country>
		<name>South-Korea</name>
		<rating>2</rating>
	</country>
	<country>
		<name>Maldives</name>
		<rating>1</rating>
	</country>
	<country>
		<name>Iraq</name>
		<rating>0</rating>
	</country>
	<country>
		<name>Cambodia</name>
		<rating>7</rating>
	</country>
	<country>
		<name>Kuwait</name>
		<rating>0</rating>
	</country>
	<country>
		<name>Japan</name>
		<rating>3</rating>
	</country>
	<country>
		<name>North-Korea</name>
		<rating>7</rating>
	</country>
</Asia>